The Parting Glass,Planet Rock
0.6330681,0.8143245
0.42089707,0.09122015
-0.14228576,0.043934107
